<?xml version="1.0" ?>
<LOG_ROOT>
	<PROJECT NAME="Neural">
		<CBX_INST_ENTRY INSTANCE_NAME="|Neural|sld_signaltap:auto_signaltap_0|sld_signaltap_impl:sld_signaltap_body|altdpram:\stp_non_zero_ram_gen:attribute_mem_gen:attribute_mem|lpm_mux:mux" CBX_FILE_NAME="mux_jrc.tdf"/>
		<CBX_INST_ENTRY INSTANCE_NAME="|Neural|sld_signaltap:auto_signaltap_0|sld_signaltap_impl:sld_signaltap_body|sld_offload_buffer_mgr:\stp_non_zero_depth_offload_gen:stp_offload_buff_mgr_inst|LPM_COUNTER:\adv_point_3_and_more:advance_pointer_counter" CBX_FILE_NAME="cntr_9fi.tdf"/>
		<CBX_INST_ENTRY INSTANCE_NAME="|Neural|NeuralProcessor:inst7|NEURAL_RELU:inst|lpm_mult:Mult0" CBX_FILE_NAME="mult_qbt.tdf"/>
		<CBX_INST_ENTRY INSTANCE_NAME="|Neural|NeuralProcessor:inst7|lpm_fifo_out:inst1|scfifo:scfifo_component" CBX_FILE_NAME="scfifo_fn71.tdf"/>
		<CBX_INST_ENTRY INSTANCE_NAME="|Neural|sld_signaltap:auto_signaltap_0|sld_signaltap_impl:sld_signaltap_body|altdpram:\stp_non_zero_ram_gen:attribute_mem_gen:attribute_mem|lpm_decode:wdecoder" CBX_FILE_NAME="decode_4uf.tdf"/>
		<CBX_INST_ENTRY INSTANCE_NAME="|Neural|sld_signaltap:auto_signaltap_0|sld_signaltap_impl:sld_signaltap_body|altsyncram:\stp_non_zero_ram_gen:stp_buffer_ram" CBX_FILE_NAME="altsyncram_0ts3.tdf"/>
		<CBX_INST_ENTRY INSTANCE_NAME="|Neural|sld_signaltap:auto_signaltap_0|sld_signaltap_impl:sld_signaltap_body|sld_offload_buffer_mgr:\stp_non_zero_depth_offload_gen:stp_offload_buff_mgr_inst|LPM_COUNTER:status_advance_pointer_counter" CBX_FILE_NAME="cntr_5fi.tdf"/>
		<CBX_INST_ENTRY INSTANCE_NAME="|Neural|sld_signaltap:auto_signaltap_0|sld_signaltap_impl:sld_signaltap_body|sld_offload_buffer_mgr:\stp_non_zero_depth_offload_gen:stp_offload_buff_mgr_inst|LPM_COUNTER:status_read_pointer_counter" CBX_FILE_NAME="cntr_p1j.tdf"/>
		<CBX_INST_ENTRY INSTANCE_NAME="|Neural|NeuralProcessor:inst7|lpm_fifo0:inst9|scfifo:scfifo_component" CBX_FILE_NAME="scfifo_6q71.tdf"/>
		<CBX_INST_ENTRY INSTANCE_NAME="|Neural|sld_signaltap:auto_signaltap_0|sld_signaltap_impl:sld_signaltap_body|sld_offload_buffer_mgr:\stp_non_zero_depth_offload_gen:stp_offload_buff_mgr_inst|LPM_COUNTER:read_pointer_counter" CBX_FILE_NAME="cntr_95j.tdf"/>
	</PROJECT>
</LOG_ROOT>
